Gene, sample1, sample2, sample3
GOI1,0.651193,0.651193,0.651193
GOI3,0.651193,0.651193,0.651193
GOI2,0.651193,0.651193,0.651193
